feature,coefficient
seq,16.051105733122103
N_IN_Conn_P_DstIP,10.87938592646966
N_IN_Conn_P_SrcIP,6.602340312002965
stddev,3.4576452193815768
state_number,1.9449736794150443
srate,-1.7501373382713474
min,1.4603014976467936
drate,0.31515467912259076
max,-0.1869610634802262
mean,0.0954491246372432
